INSERT INTO "Usuario" (id, nome, login, role, senha) VALUES (1, 'Administrador', 'admin', 'ADMIN', '$2a$10$IKrCB/aU2jXJd3kAPrlkSuUxiS3w5GP1x8cD2vUNREa6FM.uSSnbe') ON CONFLICT (id) DO NOTHING;
INSERT INTO "Usuario" (id, nome, login, role, senha) VALUES (2, 'Leonardo Dono', 'dono', 'DONO', '$2a$10$1N9iEi7S/7Ly5Mia/LT.reoFE6mnCzIf0JbCmLLuzlMdMygibGIUS') ON CONFLICT (id) DO NOTHING;
INSERT INTO "Usuario" (id, nome, login, role, senha) VALUES (3, 'Leonardo', '123456', 'GARCOM', '$2a$10$vfWTnQ/yhQCd0XD.GimHdOn0cgK8q8H5QapdSMM45VvzUp9ih8EGK') ON CONFLICT (id) DO NOTHING;
INSERT INTO "Usuario" (id, nome, login, role, senha) VALUES (4, 'Ana Caixa', 'caixa1', 'CAIXA', '$2a$10$1N9iEi7S/7Ly5Mia/LT.reoFE6mnCzIf0JbCmLLuzlMdMygibGIUS') ON CONFLICT (id) DO NOTHING;
INSERT INTO "Categoria" (id, nome, setor) VALUES (1, 'Entradas', 'COZINHA') ON CONFLICT (id) DO NOTHING;
INSERT INTO "Categoria" (id, nome, setor) VALUES (2, 'Pratos Principais', 'COZINHA') ON CONFLICT (id) DO NOTHING;
INSERT INTO "Categoria" (id, nome, setor) VALUES (3, 'Bebidas', 'BAR') ON CONFLICT (id) DO NOTHING;
INSERT INTO "Categoria" (id, nome, setor) VALUES (4, 'Drinks', 'BAR') ON CONFLICT (id) DO NOTHING;
INSERT INTO "Produto" (id, nome, "categoriaId", preco, ativo, foto, "tipoOpcao", sabores, "isDrink", "isFood", favorito, "ultimoUso") VALUES (1, 'Pastel', 1, 0, true, NULL, 'sabores', '["Frango com queijo","Romeu e Julieta","Cupim com Queijo","Sertanejo"]', false, true, false, '2026-01-10T03:53:07.851Z') ON CONFLICT (id) DO NOTHING;
INSERT INTO "Produto" (id, nome, "categoriaId", preco, ativo, foto, "tipoOpcao", sabores, "isDrink", "isFood", favorito, "ultimoUso") VALUES (2, 'Bolinho', 1, 0, true, NULL, 'sabores', '["Quatro Queijos","Calabresa com Queijo","Bacalhau","Frango com Queijo"]', false, true, false, '2026-01-10T03:53:07.861Z') ON CONFLICT (id) DO NOTHING;
INSERT INTO "Produto" (id, nome, "categoriaId", preco, ativo, foto, "tipoOpcao", sabores, "isDrink", "isFood", favorito, "ultimoUso") VALUES (3, 'Pirao Kids', 2, 0, true, NULL, 'sabores', '["Frango","Carne de Sol","Fumeiro"]', false, true, false, '2026-01-10T03:53:07.870Z') ON CONFLICT (id) DO NOTHING;
INSERT INTO "Produto" (id, nome, "categoriaId", preco, ativo, foto, "tipoOpcao", sabores, "isDrink", "isFood", favorito, "ultimoUso") VALUES (4, 'Porção Extra', 1, 0, true, NULL, 'sabores', '["Arroz","Farofa","Salada","Pirao","Banana da Terra","Vatapa"]', false, true, false, '2026-01-10T03:53:07.879Z') ON CONFLICT (id) DO NOTHING;
INSERT INTO "Produto" (id, nome, "categoriaId", preco, ativo, foto, "tipoOpcao", sabores, "isDrink", "isFood", favorito, "ultimoUso") VALUES (5, 'Pirão', 2, 0, true, NULL, 'sabores_com_tamanho', '["Carne de Sol","Ao molho","Alho e Oleo","Fumeiro","Sertanejo","Cupim","Frango","Costela"]', false, true, false, '2026-01-10T03:53:07.889Z') ON CONFLICT (id) DO NOTHING;
INSERT INTO "Produto" (id, nome, "categoriaId", preco, ativo, foto, "tipoOpcao", sabores, "isDrink", "isFood", favorito, "ultimoUso") VALUES (6, 'Pirão G Combinado', 2, 0, true, NULL, 'combinado', '["Carne de Sol","Ao molho","Alho e Oleo","Fumeiro","Sertanejo","Cupim","Frango","Costela"]', false, true, false, '2026-01-10T03:53:07.899Z') ON CONFLICT (id) DO NOTHING;
INSERT INTO "Produto" (id, nome, "categoriaId", preco, ativo, foto, "tipoOpcao", sabores, "isDrink", "isFood", favorito, "ultimoUso") VALUES (7, 'Coca Cola', 3, 0, true, NULL, 'refrigerante', '[]', false, true, false, '2026-01-10T03:53:07.908Z') ON CONFLICT (id) DO NOTHING;
INSERT INTO "Produto" (id, nome, "categoriaId", preco, ativo, foto, "tipoOpcao", sabores, "isDrink", "isFood", favorito, "ultimoUso") VALUES (8, 'Torresmo', 1, 0, true, NULL, 'padrao', '[]', false, true, false, '2026-01-10T03:53:07.917Z') ON CONFLICT (id) DO NOTHING;
INSERT INTO "Produto" (id, nome, "categoriaId", preco, ativo, foto, "tipoOpcao", sabores, "isDrink", "isFood", favorito, "ultimoUso") VALUES (9, 'Fumeiro Acebolado ', 2, 0, true, NULL, 'padrao', '[]', false, true, false, '2026-01-10T03:53:07.927Z') ON CONFLICT (id) DO NOTHING;
INSERT INTO "Produto" (id, nome, "categoriaId", preco, ativo, foto, "tipoOpcao", sabores, "isDrink", "isFood", favorito, "ultimoUso") VALUES (10, 'Acarajé do Rei', 1, 0, true, NULL, 'padrao', '[]', false, true, false, '2026-01-10T03:53:07.936Z') ON CONFLICT (id) DO NOTHING;
INSERT INTO "Produto" (id, nome, "categoriaId", preco, ativo, foto, "tipoOpcao", sabores, "isDrink", "isFood", favorito, "ultimoUso") VALUES (11, 'Abará do Rei ', 1, 0, true, NULL, 'padrao', '[]', false, true, false, '2026-01-10T03:53:07.944Z') ON CONFLICT (id) DO NOTHING;
INSERT INTO "Produto" (id, nome, "categoriaId", preco, ativo, foto, "tipoOpcao", sabores, "isDrink", "isFood", favorito, "ultimoUso") VALUES (12, 'Batata Frita', 1, 0, true, NULL, 'padrao', '[]', false, true, false, '2026-01-10T03:53:07.953Z') ON CONFLICT (id) DO NOTHING;
INSERT INTO "Produto" (id, nome, "categoriaId", preco, ativo, foto, "tipoOpcao", sabores, "isDrink", "isFood", favorito, "ultimoUso") VALUES (13, 'Queijo Coalho', 1, 0, true, NULL, 'padrao', '[]', false, true, false, '2026-01-10T03:53:07.963Z') ON CONFLICT (id) DO NOTHING;
INSERT INTO "Produto" (id, nome, "categoriaId", preco, ativo, foto, "tipoOpcao", sabores, "isDrink", "isFood", favorito, "ultimoUso") VALUES (14, 'Camarão no Panko', 1, 0, true, NULL, 'padrao', '[]', false, true, false, '2026-01-10T03:53:07.972Z') ON CONFLICT (id) DO NOTHING;
INSERT INTO "Produto" (id, nome, "categoriaId", preco, ativo, foto, "tipoOpcao", sabores, "isDrink", "isFood", favorito, "ultimoUso") VALUES (15, 'Pão de Alho', 1, 0, true, NULL, 'padrao', '[]', false, true, false, '2026-01-10T03:53:07.981Z') ON CONFLICT (id) DO NOTHING;
INSERT INTO "Produto" (id, nome, "categoriaId", preco, ativo, foto, "tipoOpcao", sabores, "isDrink", "isFood", favorito, "ultimoUso") VALUES (16, 'Camarão alho e óleo ', 1, 0, true, NULL, 'padrao', '[]', false, true, false, '2026-01-10T03:53:07.990Z') ON CONFLICT (id) DO NOTHING;
INSERT INTO "Produto" (id, nome, "categoriaId", preco, ativo, foto, "tipoOpcao", sabores, "isDrink", "isFood", favorito, "ultimoUso") VALUES (17, 'Tripa Frita', 1, 0, true, NULL, 'padrao', '[]', false, true, false, '2026-01-10T03:53:07.999Z') ON CONFLICT (id) DO NOTHING;
INSERT INTO "Produto" (id, nome, "categoriaId", preco, ativo, foto, "tipoOpcao", sabores, "isDrink", "isFood", favorito, "ultimoUso") VALUES (18, 'Moqueca ', 2, 0, true, NULL, 'sabores', '["Camarão ","Peixe"]', false, true, false, '2026-01-10T03:53:08.008Z') ON CONFLICT (id) DO NOTHING;
INSERT INTO "Produto" (id, nome, "categoriaId", preco, ativo, foto, "tipoOpcao", sabores, "isDrink", "isFood", favorito, "ultimoUso") VALUES (19, 'Feijoada Defumada', 2, 0, true, NULL, 'sabores', '["Individual ","Duas Pessoas "]', false, true, false, '2026-01-10T03:53:08.018Z') ON CONFLICT (id) DO NOTHING;
INSERT INTO "Produto" (id, nome, "categoriaId", preco, ativo, foto, "tipoOpcao", sabores, "isDrink", "isFood", favorito, "ultimoUso") VALUES (20, 'Tilápia Frita', 2, 0, true, NULL, 'padrao', '[]', false, true, false, '2026-01-10T03:53:08.028Z') ON CONFLICT (id) DO NOTHING;
INSERT INTO "Produto" (id, nome, "categoriaId", preco, ativo, foto, "tipoOpcao", sabores, "isDrink", "isFood", favorito, "ultimoUso") VALUES (21, 'Costela Defumada ao molho barbecue ', 2, 0, true, NULL, 'padrao', '[]', false, true, false, '2026-01-10T03:53:08.037Z') ON CONFLICT (id) DO NOTHING;
INSERT INTO "Produto" (id, nome, "categoriaId", preco, ativo, foto, "tipoOpcao", sabores, "isDrink", "isFood", favorito, "ultimoUso") VALUES (22, 'Picolé Coronado', 1, 0, true, NULL, 'sabores', '["Morango com leite condensado ","Cookies","Chocolate belga","Creme de leite","Creme com avelã ","Maracujá ","Coco","Torta de limão ","Chocolate zero","Choco maltine","Paçoca ","Clássico "]', false, true, false, '2026-01-10T03:53:08.046Z') ON CONFLICT (id) DO NOTHING;
INSERT INTO "Produto" (id, nome, "categoriaId", preco, ativo, foto, "tipoOpcao", sabores, "isDrink", "isFood", favorito, "ultimoUso") VALUES (23, 'Pudim', 1, 0, true, NULL, 'padrao', '[]', false, true, false, '2026-01-10T03:53:08.054Z') ON CONFLICT (id) DO NOTHING;
INSERT INTO "Produto" (id, nome, "categoriaId", preco, ativo, foto, "tipoOpcao", sabores, "isDrink", "isFood", favorito, "ultimoUso") VALUES (24, 'Geladinho Gourmet ', 1, 0, true, NULL, 'padrao', '[]', false, true, false, '2026-01-10T03:53:08.063Z') ON CONFLICT (id) DO NOTHING;
INSERT INTO "Produto" (id, nome, "categoriaId", preco, ativo, foto, "tipoOpcao", sabores, "isDrink", "isFood", favorito, "ultimoUso") VALUES (25, 'Água ', 3, 0, true, NULL, 'sabores', '["Sem gás ","Com gás "]', false, true, false, '2026-01-10T03:53:08.072Z') ON CONFLICT (id) DO NOTHING;
INSERT INTO "Produto" (id, nome, "categoriaId", preco, ativo, foto, "tipoOpcao", sabores, "isDrink", "isFood", favorito, "ultimoUso") VALUES (26, 'Água de coco ', 3, 0, true, NULL, 'sabores', '["Copo","Jarra"]', false, true, false, '2026-01-10T03:53:08.081Z') ON CONFLICT (id) DO NOTHING;
INSERT INTO "Produto" (id, nome, "categoriaId", preco, ativo, foto, "tipoOpcao", sabores, "isDrink", "isFood", favorito, "ultimoUso") VALUES (27, 'Suco', 3, 0, true, NULL, 'sabores', '["Laranja","Morango ","Graviola ","Cajá ","Maracujá "]', false, true, false, '2026-01-10T03:53:08.090Z') ON CONFLICT (id) DO NOTHING;
INSERT INTO "Produto" (id, nome, "categoriaId", preco, ativo, foto, "tipoOpcao", sabores, "isDrink", "isFood", favorito, "ultimoUso") VALUES (28, 'H2o', 3, 0, true, NULL, 'padrao', '[]', false, true, false, '2026-01-10T03:53:08.099Z') ON CONFLICT (id) DO NOTHING;
INSERT INTO "Produto" (id, nome, "categoriaId", preco, ativo, foto, "tipoOpcao", sabores, "isDrink", "isFood", favorito, "ultimoUso") VALUES (29, 'Pepsi', 3, 0, true, NULL, 'refrigerante', '[]', false, true, false, '2026-01-10T03:53:08.107Z') ON CONFLICT (id) DO NOTHING;
INSERT INTO "Produto" (id, nome, "categoriaId", preco, ativo, foto, "tipoOpcao", sabores, "isDrink", "isFood", favorito, "ultimoUso") VALUES (30, 'Guaraná ', 3, 0, true, NULL, 'refrigerante', '[]', false, true, false, '2026-01-10T03:53:08.115Z') ON CONFLICT (id) DO NOTHING;
INSERT INTO "Produto" (id, nome, "categoriaId", preco, ativo, foto, "tipoOpcao", sabores, "isDrink", "isFood", favorito, "ultimoUso") VALUES (31, 'Vinho', 3, 0, true, NULL, 'sabores', '["Chopp","Suave taça "]', false, true, false, '2026-01-10T03:53:08.123Z') ON CONFLICT (id) DO NOTHING;
INSERT INTO "Produto" (id, nome, "categoriaId", preco, ativo, foto, "tipoOpcao", sabores, "isDrink", "isFood", favorito, "ultimoUso") VALUES (32, 'Lagoa Azul ', 4, 0, true, NULL, 'padrao', '[]', true, true, false, '2026-01-10T03:53:08.132Z') ON CONFLICT (id) DO NOTHING;
INSERT INTO "Produto" (id, nome, "categoriaId", preco, ativo, foto, "tipoOpcao", sabores, "isDrink", "isFood", favorito, "ultimoUso") VALUES (33, 'Mar de Rosas', 4, 0, true, NULL, 'padrao', '[]', true, true, false, '2026-01-10T03:53:08.140Z') ON CONFLICT (id) DO NOTHING;
INSERT INTO "Produto" (id, nome, "categoriaId", preco, ativo, foto, "tipoOpcao", sabores, "isDrink", "isFood", favorito, "ultimoUso") VALUES (34, 'Sex on the Beach', 4, 0, true, NULL, 'padrao', '[]', true, true, false, '2026-01-10T03:53:08.149Z') ON CONFLICT (id) DO NOTHING;
INSERT INTO "Produto" (id, nome, "categoriaId", preco, ativo, foto, "tipoOpcao", sabores, "isDrink", "isFood", favorito, "ultimoUso") VALUES (35, 'Lagoa dos Cisnes', 4, 0, true, NULL, 'padrao', '[]', true, true, false, '2026-01-10T03:53:08.157Z') ON CONFLICT (id) DO NOTHING;
INSERT INTO "Produto" (id, nome, "categoriaId", preco, ativo, foto, "tipoOpcao", sabores, "isDrink", "isFood", favorito, "ultimoUso") VALUES (36, 'Pina Colada', 4, 0, true, NULL, 'padrao', '[]', true, true, false, '2026-01-10T03:53:08.165Z') ON CONFLICT (id) DO NOTHING;
INSERT INTO "Produto" (id, nome, "categoriaId", preco, ativo, foto, "tipoOpcao", sabores, "isDrink", "isFood", favorito, "ultimoUso") VALUES (37, 'Limonada Suíça ', 4, 0, true, NULL, 'padrao', '[]', true, false, false, '2026-01-10T03:53:08.173Z') ON CONFLICT (id) DO NOTHING;
INSERT INTO "Produto" (id, nome, "categoriaId", preco, ativo, foto, "tipoOpcao", sabores, "isDrink", "isFood", favorito, "ultimoUso") VALUES (38, 'Roska', 4, 0, true, NULL, 'sabores', '["Limão ","Morango "]', true, true, false, '2026-01-10T03:53:08.182Z') ON CONFLICT (id) DO NOTHING;
INSERT INTO "Produto" (id, nome, "categoriaId", preco, ativo, foto, "tipoOpcao", sabores, "isDrink", "isFood", favorito, "ultimoUso") VALUES (39, 'Margarita ', 4, 0, true, NULL, 'padrao', '[]', true, true, false, '2026-01-10T03:53:08.190Z') ON CONFLICT (id) DO NOTHING;
INSERT INTO "Produto" (id, nome, "categoriaId", preco, ativo, foto, "tipoOpcao", sabores, "isDrink", "isFood", favorito, "ultimoUso") VALUES (40, 'Gin tônica ', 4, 0, true, NULL, 'padrao', '[]', true, true, false, '2026-01-10T03:53:08.198Z') ON CONFLICT (id) DO NOTHING;
INSERT INTO "Produto" (id, nome, "categoriaId", preco, ativo, foto, "tipoOpcao", sabores, "isDrink", "isFood", favorito, "ultimoUso") VALUES (41, 'Aperol Spritz', 4, 0, true, NULL, 'padrao', '[]', true, true, false, '2026-01-10T03:53:08.206Z') ON CONFLICT (id) DO NOTHING;
INSERT INTO "Produto" (id, nome, "categoriaId", preco, ativo, foto, "tipoOpcao", sabores, "isDrink", "isFood", favorito, "ultimoUso") VALUES (42, 'Coquetel ', 4, 0, true, NULL, 'padrao', '[]', true, true, false, '2026-01-10T03:53:08.214Z') ON CONFLICT (id) DO NOTHING;
INSERT INTO "Produto" (id, nome, "categoriaId", preco, ativo, foto, "tipoOpcao", sabores, "isDrink", "isFood", favorito, "ultimoUso") VALUES (43, 'Caipirinha ', 4, 0, true, NULL, 'padrao', '[]', true, true, false, '2026-01-10T03:53:08.223Z') ON CONFLICT (id) DO NOTHING;
INSERT INTO "Produto" (id, nome, "categoriaId", preco, ativo, foto, "tipoOpcao", sabores, "isDrink", "isFood", favorito, "ultimoUso") VALUES (44, 'Caipifruta', 4, 0, true, NULL, 'sabores', '["Abacaxi ","Kiwi","Limão ","Morango "]', true, true, false, '2026-01-10T03:53:08.232Z') ON CONFLICT (id) DO NOTHING;
INSERT INTO "Produto" (id, nome, "categoriaId", preco, ativo, foto, "tipoOpcao", sabores, "isDrink", "isFood", favorito, "ultimoUso") VALUES (45, 'Heineken ', 3, 0, true, NULL, 'sabores', '["600 ml","Longe Zero","Longe normal "]', false, true, false, '2026-01-10T03:53:08.240Z') ON CONFLICT (id) DO NOTHING;
INSERT INTO "Produto" (id, nome, "categoriaId", preco, ativo, foto, "tipoOpcao", sabores, "isDrink", "isFood", favorito, "ultimoUso") VALUES (46, 'Amstel', 3, 0, true, NULL, 'padrao', '[]', false, true, false, '2026-01-10T03:53:08.248Z') ON CONFLICT (id) DO NOTHING;
INSERT INTO "Produto" (id, nome, "categoriaId", preco, ativo, foto, "tipoOpcao", sabores, "isDrink", "isFood", favorito, "ultimoUso") VALUES (47, 'Ice', 3, 0, true, NULL, 'sabores', '["Chopp","Smirnoff ice"]', false, true, false, '2026-01-10T03:53:08.256Z') ON CONFLICT (id) DO NOTHING;
INSERT INTO "Produto" (id, nome, "categoriaId", preco, ativo, foto, "tipoOpcao", sabores, "isDrink", "isFood", favorito, "ultimoUso") VALUES (48, 'Nada', 1, 0, true, NULL, 'padrao', '[]', false, true, false, '2026-01-10T03:53:08.264Z') ON CONFLICT (id) DO NOTHING;
INSERT INTO "Produto" (id, nome, "categoriaId", preco, ativo, foto, "tipoOpcao", sabores, "isDrink", "isFood", favorito, "ultimoUso") VALUES (49, 'Dose Cachaça ', 4, 0, true, NULL, 'sabores', '["Seleta","Corona","51","Ipioca"]', false, true, false, '2026-01-10T03:53:08.273Z') ON CONFLICT (id) DO NOTHING;
INSERT INTO "Mesa" (id, numero, status) VALUES (1, 1, 'LIVRE') ON CONFLICT (id) DO NOTHING;
INSERT INTO "Mesa" (id, numero, status) VALUES (2, 2, 'LIVRE') ON CONFLICT (id) DO NOTHING;
INSERT INTO "Mesa" (id, numero, status) VALUES (3, 3, 'LIVRE') ON CONFLICT (id) DO NOTHING;
INSERT INTO "Mesa" (id, numero, status) VALUES (4, 4, 'LIVRE') ON CONFLICT (id) DO NOTHING;
INSERT INTO "Mesa" (id, numero, status) VALUES (5, 5, 'LIVRE') ON CONFLICT (id) DO NOTHING;
INSERT INTO "Mesa" (id, numero, status) VALUES (6, 6, 'LIVRE') ON CONFLICT (id) DO NOTHING;
INSERT INTO "Mesa" (id, numero, status) VALUES (7, 7, 'LIVRE') ON CONFLICT (id) DO NOTHING;
INSERT INTO "Mesa" (id, numero, status) VALUES (8, 8, 'LIVRE') ON CONFLICT (id) DO NOTHING;
INSERT INTO "Mesa" (id, numero, status) VALUES (9, 9, 'LIVRE') ON CONFLICT (id) DO NOTHING;
INSERT INTO "Mesa" (id, numero, status) VALUES (10, 10, 'LIVRE') ON CONFLICT (id) DO NOTHING;
INSERT INTO "Mesa" (id, numero, status) VALUES (11, 11, 'LIVRE') ON CONFLICT (id) DO NOTHING;
INSERT INTO "Mesa" (id, numero, status) VALUES (12, 12, 'LIVRE') ON CONFLICT (id) DO NOTHING;
INSERT INTO "Mesa" (id, numero, status) VALUES (13, 13, 'LIVRE') ON CONFLICT (id) DO NOTHING;
INSERT INTO "Mesa" (id, numero, status) VALUES (14, 14, 'LIVRE') ON CONFLICT (id) DO NOTHING;
INSERT INTO "Mesa" (id, numero, status) VALUES (15, 15, 'LIVRE') ON CONFLICT (id) DO NOTHING;
INSERT INTO "Mesa" (id, numero, status) VALUES (16, 16, 'LIVRE') ON CONFLICT (id) DO NOTHING;
INSERT INTO "Mesa" (id, numero, status) VALUES (17, 17, 'LIVRE') ON CONFLICT (id) DO NOTHING;
INSERT INTO "Mesa" (id, numero, status) VALUES (18, 18, 'LIVRE') ON CONFLICT (id) DO NOTHING;
INSERT INTO "PrinterConfig" (id, setor, name, ip, port, enabled) VALUES (1, 'COZINHA', 'Impressora Cozinha', '192.168.1.200', 9100, true) ON CONFLICT (id) DO NOTHING;
INSERT INTO "PrinterConfig" (id, setor, name, ip, port, enabled) VALUES (2, 'BAR', 'Impressora Bar', '192.168.1.201', 9100, true) ON CONFLICT (id) DO NOTHING;
INSERT INTO "PrinterConfig" (id, setor, name, ip, port, enabled) VALUES (3, 'CAIXA', 'Impressora Caixa', '192.168.1.202', 9100, true) ON CONFLICT (id) DO NOTHING;
SELECT setval(pg_get_serial_sequence('"Usuario"', 'id'), (SELECT MAX(id) FROM "Usuario") + 1);
SELECT setval(pg_get_serial_sequence('"Categoria"', 'id'), (SELECT MAX(id) FROM "Categoria") + 1);
SELECT setval(pg_get_serial_sequence('"Produto"', 'id'), (SELECT MAX(id) FROM "Produto") + 1);
SELECT setval(pg_get_serial_sequence('"Mesa"', 'id'), (SELECT MAX(id) FROM "Mesa") + 1);
SELECT setval(pg_get_serial_sequence('"PrinterConfig"', 'id'), (SELECT MAX(id) FROM "PrinterConfig") + 1);